Position,Track Name,Artist,Streams,URL,
1,Rolls,Yzomandias,45487,https://open.spotify.com/track/7MjNsu3feSV5MnhZzBHXoh,
2,El Camino,Yzomandias,33082,https://open.spotify.com/track/35qWgo2AO9XQuXrznXAPN0,
3,Blinding Lights,The Weeknd,20140,https://open.spotify.com/track/0VjIjW4GlUZAMYd2vXMi3b,
4,Mood (feat. Iann Dior),24kGoldn,19806,https://open.spotify.com/track/3tjFYV6RSFtuktYl3ZtYcq,
5,Watermelon Sugar,Harry Styles,17845,https://open.spotify.com/track/6UelLqGlWMcVH1E5c4H7lY,
6,Savage Love (Laxed - Siren Beat),Jawsh 685,16377,https://open.spotify.com/track/1xQ6trAsedVPCdbtDAmk0c,
7,Breaking Me,Topic,16266,https://open.spotify.com/track/3H7ihDc1dqLriiWXwsc2po,
8,Roses - Imanbek Remix,SAINt JHN,15764,https://open.spotify.com/track/2Wo6QQD1KMDWeFkkjLqwx5,
9,Až na měsíc,Viktor Sheen,15720,https://open.spotify.com/track/2687fXBlOk6u6fiwLJ4E1l,
10,Hroby,Yzomandias,14928,https://open.spotify.com/track/1hKEBjt642uXxKRO3tsP2Z,
11,WAP (feat. Megan Thee Stallion),Cardi B,13979,https://open.spotify.com/track/4Oun2ylbjFKMPTiaSbbCih,
12,ROCKSTAR (feat. Roddy Ricch),DaBaby,13829,https://open.spotify.com/track/7ytR5pFWmSjzHJIeQkgog4,
13,Head & Heart (feat. MNEK),Joel Corry,13173,https://open.spotify.com/track/6cx06DFPPHchuUAcTxznu9,
14,Come & Go (with Marshmello),Juice WRLD,12554,https://open.spotify.com/track/2Y0wPrPQBrGhoLn14xRYCG,
15,Kings & Queens,Ava Max,12346,https://open.spotify.com/track/76nqCfJOcFFWBJN32PAksn,
16,Kolaps,CA$HANOVA BULHAR,12290,https://open.spotify.com/track/2aY1NJitfGnPDq54r34et3,
17,Napořád,Earth,11965,https://open.spotify.com/track/7C8l5orn9oUcXM2zd4oWlF,
18,Česká Floriida,Robin Zoot,11600,https://open.spotify.com/track/2K82hmiYt3POvX56n6lJH0,
19,LALALA,Grey,11261,https://open.spotify.com/track/55HtKTQeAdPbLz8NtlkaKB,
20,Dance Monkey,Tones And I,10953,https://open.spotify.com/track/1rgnBhdG2JDFTbYkYRZAku,
21,Svaz ceskych bohemu,Wohnout,10368,https://open.spotify.com/track/0twbASvGKPDvbWviKZcpyy,
22,my ex's best friend (with blackbear),Machine Gun Kelly,10257,https://open.spotify.com/track/70rFIfYN7lU6iTgUIVP42w,
23,Teorie pádu,STEIN27,10108,https://open.spotify.com/track/5rv2HF2yCItB1KMEhBahxI,
24,Teď tady,Ektor,9899,https://open.spotify.com/track/28RZNfu3ECSTC6U8mhdL9Q,
25,Zrovna jí to najelo,CA$HANOVA BULHAR,9790,https://open.spotify.com/track/1waxcXUYLEme2y1qnubHma,
26,Máma Říkala,HILLS 97,9742,https://open.spotify.com/track/3MOs0OCcZGiANmuwrRcj1b,
27,Someone You Loved,Lewis Capaldi,9524,https://open.spotify.com/track/7qEHsqek33rTcFNT9PFqLf,
28,Kytky z pumpy,Renne Dang,9485,https://open.spotify.com/track/0yPHAfN6d4Id9dsUeuWhJm,
29,Dynamite,BTS,9452,https://open.spotify.com/track/0t1kP63rueHleOhQkYSXFY,
30,In Your Eyes (feat. Alida),Robin Schulz,9387,https://open.spotify.com/track/61ZM92T2zaXIVsqncThQzC,
31,Hotel,STEIN27,9217,https://open.spotify.com/track/5WiwekdTgMYXq40FMgPJWP,
32,Ride It,Regard,9161,https://open.spotify.com/track/2tnVG71enUj33Ic2nFN6kZ,
33,Růže,Calin,8892,https://open.spotify.com/track/0snC0JRK2kq9AbB0AjWTm8,
34,Pisnicka (feat. Pokac),Pavel Callta,8823,https://open.spotify.com/track/0dp3uLJSUto8q1kLal1LLj,
35,Zlatíčka,Kapitán Demo,8750,https://open.spotify.com/track/2pJoAuFgqqbOny1Ojo7Ggk,
36,YAHODA,Mirai,8402,https://open.spotify.com/track/2m25cn629PZ92Dhnk0m39e,
37,Dobrej den,Refew,8336,https://open.spotify.com/track/4KHcGXpPxkmJ6h4WbXYWLO,
38,Legendární,Sergei Barracuda,8334,https://open.spotify.com/track/4g95Y4NXCWKMCheBjuRZxQ,
39,Rain On Me (with Ariana Grande),Lady Gaga,8296,https://open.spotify.com/track/7ju97lgwC2rKQ6wwsf9no9,
40,Before You Go,Lewis Capaldi,8213,https://open.spotify.com/track/2gMXnyrvIjhVBUZwvLZDMP,
41,Oblivion,Viktor Sheen,8095,https://open.spotify.com/track/0gsuaFpyFi9LHoIZqkLKDU,
42,Midnight Sky,Miley Cyrus,8023,https://open.spotify.com/track/27ycaQnQAxaPiyeg3nr2aB,
43,death bed (coffee for your head),Powfu,8019,https://open.spotify.com/track/7eJMfftS33KTjuF7lTsMCx,
44,Slunko,Skardu,7952,https://open.spotify.com/track/0tyJzrm3idpMxygpfaaP9r,
45,Sladká,Dorian,7803,https://open.spotify.com/track/53babpnCbhRGyme9RPksyf,
46,Descent,STEIN27,7687,https://open.spotify.com/track/6fb0vs074TkEOfEiyD3KeE,
47,you broke me first,Tate McRae,7578,https://open.spotify.com/track/45bE4HXI0AwGZXfZtMp8JR,
48,Still Don't Know My Name,Labrinth,7545,https://open.spotify.com/track/6N22FZs2ZhPBYi3b9XPajV,
49,Srdce nehasnou,Karel Gott,7377,https://open.spotify.com/track/7B0v2BoErGObmTwO2CJgWa,
50,GOOBA,6ix9ine,7340,https://open.spotify.com/track/4NhDYoQTYCdWHTvlbGVgwo,
51,Break My Heart,Dua Lipa,7321,https://open.spotify.com/track/017PF4Q3l4DBUiWoXk4OWT,
52,You're Somebody Else,flora cash,7293,https://open.spotify.com/track/6iWEhoALoBFnQMNVhYY0Sc,
53,Do Pěti,Ektor,7238,https://open.spotify.com/track/1YFu3F7SpwRTdGTt56u9O4,
54,Mráz,Viktor Sheen,7163,https://open.spotify.com/track/6MlldqBpDJty0FAqJOi8EY,
55,Neviditelnej,Kontrafakt,7144,https://open.spotify.com/track/0wXZP3xs4b7vAFymzoENz1,
56,Heather,Conan Gray,7039,https://open.spotify.com/track/4xqrdfXkTW4T0RauPLv3WA,
57,Síla Starejch Vín,Skwor,6980,https://open.spotify.com/track/6qgMr9LacgnihY9IdYriMP,
58,Smile (with The Weeknd),Juice WRLD,6972,https://open.spotify.com/track/6wQlQrTY5mVS8EGaFZVwVF,
59,Nik Tendo - Scale To Fit,Yzomandias,6968,https://open.spotify.com/track/1fFIknTF8kfYEHNqcs46Yv,
60,Wishing Well,Juice WRLD,6829,https://open.spotify.com/track/2U5WueTLIK5WJLD7mvDODv,
61,Never Let Me Down,VIZE,6696,https://open.spotify.com/track/5TGcyccg8Hkgn9jB7gUpMN,
62,Be Kind (with Halsey),Marshmello,6676,https://open.spotify.com/track/3Z8FwOEN59mRMxDCtb8N0A,
63,Some Say - Felix Jaehn Remix,Nea,6652,https://open.spotify.com/track/7C1trmcQQ5n5RNy4l6ziCv,
64,RÁJ,Decky,6602,https://open.spotify.com/track/49HB2EjRtkmXZAKpu3OdKT,
65,Nemám dost (feat. Indigo & KOJO),Calin,6563,https://open.spotify.com/track/7D2sgT3LkRnl6I7hunrsoj,
66,Hvězdáři,Kryštof,6521,https://open.spotify.com/track/4xJP2rJHIJXfxpIpzxhhIA,
67,Hollywood,LA Vision,6510,https://open.spotify.com/track/1XdMp6v9Q3N80WnKSbGfl4,
68,Blueberry Faygo,Lil Mosey,6499,https://open.spotify.com/track/22LAwLoDA5b4AaGSkg6bKW,
69,Laugh Now Cry Later (feat. Lil Durk),Drake,6471,https://open.spotify.com/track/2SAqBLGA283SUiwJ3xOUVI,
70,DaysGo,Gleb,6468,https://open.spotify.com/track/2SCEcyt2H9kGKgxjkBcPx8,
71,Hraješ Si Na Co,Nik Tendo,6461,https://open.spotify.com/track/38MzzUKqzNhAM9EoUTbsfM,
72,Señorita,Shawn Mendes,6441,https://open.spotify.com/track/6v3KW9xbzN5yKLt9YKDYA2,
73,THE BADDEST,K/DA,6433,https://open.spotify.com/track/2V4Fx72svQRxrFvNT1eq5f,
74,Hranice,Ektor,6399,https://open.spotify.com/track/4EPelmX1wjCWn6gr4kx9Ez,
75,Naděje (feat. Václav Rouček),STEIN27,6337,https://open.spotify.com/track/3Jzu0NbSzttDtwXhxPDDIh,
76,Není Limit,Nik Tendo,6219,https://open.spotify.com/track/0csb0C9E7UGW7Yfi52wGPW,
77,Sedm,Nik Tendo,6201,https://open.spotify.com/track/7Kk3JdKFFQv1YN2hluyx1J,
78,Dopis V lahvi,Earth,6182,https://open.spotify.com/track/6jNTXE2Q1iks09h7PetAwR,
79,Řetězy,Renne Dang,6179,https://open.spotify.com/track/6w6g1fHzL9Zs6Nx92jWylL,
80,Lose Somebody,Kygo,6169,https://open.spotify.com/track/1sgDyuLooyvEML4oHspNza,
81,Plakala,DIVOKEJ BILL,6169,https://open.spotify.com/track/3h9EMra1EG4oncHLPiEJce,
82,Ice Cream (with Selena Gomez),BLACKPINK,6156,https://open.spotify.com/track/2J4P46vCFm1rPkNkp9pZWX,
83,Robbery,Juice WRLD,6153,https://open.spotify.com/track/6Hj9jySrnFppAI0sEMCZpJ,
84,goosebumps,Travis Scott,6133,https://open.spotify.com/track/6gBFPUFcJLzWGx4lenP6h2,
85,Toto Leto,Sima,6114,https://open.spotify.com/track/1x7dZO2T89GTea6Rh9FVZa,
86,Don't Start Now,Dua Lipa,6106,https://open.spotify.com/track/3PfIrDoz19wz7qK7tYeu62,
87,Shallow,Lady Gaga,6056,https://open.spotify.com/track/2VxeLyX666F8uXCJ0dZF8B,
88,Aleiaio,Ben Cristovao,6043,https://open.spotify.com/track/4fUCTv421fKbSRFKuPi6ge,
89,Černobílej svět,Viktor Sheen,6042,https://open.spotify.com/track/49yeFC92MyOcVU8tiit4wj,
90,Fotbal a Rap,Labello,6038,https://open.spotify.com/track/1rNCFrpdHBD32kHmuEfMgM,
91,Falling,Trevor Daniel,5944,https://open.spotify.com/track/2rRJrJEo19S2J82BDsQ3F7,
92,What's Love Got to Do with It,Kygo,5874,https://open.spotify.com/track/3Be7CLdHZpyzsVijme39cW,
93,Málem,Wesome,5853,https://open.spotify.com/track/05TV8Lt7t6bC3nLlpsoSkD,
94,Circles,Post Malone,5796,https://open.spotify.com/track/21jGcNKet2qwijlDFuPiPb,
95,Mefek Pump It Up,Gleb,5741,https://open.spotify.com/track/6uKjk59AeQVp1FqOrlZgjW,
96,Someone To You,BANNERS,5739,https://open.spotify.com/track/2f0pn9DkEJwAzXApnFh5cr,
97,Vzlítnout,Neno 1312,5727,https://open.spotify.com/track/75eHVNWvQb6wTE1mEZY48z,
98,MAMACITA,Black Eyed Peas,5715,https://open.spotify.com/track/24IgCW19L8lXKyFZwzFtD3,
99,HIGHEST IN THE ROOM,Travis Scott,5693,https://open.spotify.com/track/3eekarcy7kvN4yt5ZFzltW,
100,Stunnin' (feat. Harm Franklin),Curtis Waters,5689,https://open.spotify.com/track/2D0dj3hVkRQJCp63cxCPEx,
101,Take You Dancing,Jason Derulo,5685,https://open.spotify.com/track/59qrUpoplZxbIZxk6X0Bm3,
102,Tak se nezlob,Marek Ztraceny,5684,https://open.spotify.com/track/2c1bi72Up6wiYxDn49CFdD,
103,ily (i love you baby) (feat. Emilee),Surf Mesa,5653,https://open.spotify.com/track/62aP9fBQKYKxi7PDXwcUAS,
104,Party Girl,StaySolidRocky,5631,https://open.spotify.com/track/3IJYUaN3tx04S4TYyZHKoP,
105,Lepšia Pesnička,DMS,5596,https://open.spotify.com/track/19hDtYa9xPLr8JlujoCNVO,
106,BUDE LÍP,MILION+,5594,https://open.spotify.com/track/1HURVedroTlzswJbtfbVEh,
107,In Your Eyes,The Weeknd,5548,https://open.spotify.com/track/7szuecWAPwGoV1e5vGu8tl,
108,Rave in the Grave,Redzed,5524,https://open.spotify.com/track/2SRczRe1bwFwwLZNHYVWG6,
109,Na Chvíli,Nik Tendo,5508,https://open.spotify.com/track/328Cr2ztwoeLCGvJIJH64p,
110,Pegas,STEIN27,5503,https://open.spotify.com/track/3BhStJ68w5wxjn8BWWAyT7,
111,Mortal combat,Earth,5494,https://open.spotify.com/track/3ve2nu3WuTvWIeAe8R0ZTh,
112,Godzilla (feat. Juice WRLD),Eminem,5457,https://open.spotify.com/track/7FIWs0pqAYbP91WWM0vlTQ,
113,Rescue Me,OneRepublic,5437,https://open.spotify.com/track/0mjAU3yKR1QnXnHtjGJqTM,
114,High Hopes,Panic! At The Disco,5412,https://open.spotify.com/track/1rqqCSm0Qe4I9rUvWncaom,
115,"The Plan - From the Motion Picture ""TENET""",Travis Scott,5393,https://open.spotify.com/track/551xyaSJsg8hILXFq9JdST,
116,hot girl bummer,blackbear,5388,https://open.spotify.com/track/2mt1IqcFyY1zmYZT8Q3xw9,
117,Jsme jenom fakani,CA$HANOVA BULHAR,5346,https://open.spotify.com/track/13T1GbptLNeMV9hD0qy4GR,
118,"Lemonade (feat. Gunna Don Toliver & NAV)",Internet Money,5320,https://open.spotify.com/track/2DQNYMRjisN3KAPj1bEwOI,
119,Díky,Rest,5316,https://open.spotify.com/track/3UJKcvUrCRCL4YqgagK9xJ,
120,Lose Control,MEDUZA,5309,https://open.spotify.com/track/7CHi4DtfK4heMlQaudCuHK,
121,Zatancuj si so mnou,Adam Ďurica,5303,https://open.spotify.com/track/3lmWugmDLOLAf6f09EnZ4N,
122,Tsunami,DIVOKEJ BILL,5291,https://open.spotify.com/track/5op1X8TfWNUmJnwRzCQ3qL,
123,Beautiful People (feat. Khalid),Ed Sheeran,5265,https://open.spotify.com/track/70eFcWOvlMObDhURTqT4Fv,
124,ØTCHI,Mirai,5219,https://open.spotify.com/track/71BCQXb4lj0inm0cisGa3M,
125,The Box,Roddy Ricch,5173,https://open.spotify.com/track/0nbXyq5TXYPCO7pr3N8S4I,
126,Neonový město,Sensey,5172,https://open.spotify.com/track/2vIeHhvghc8dOgCie9p6Az,
127,Viac,Nerieš,5118,https://open.spotify.com/track/2eLTkjdcbBCTew9qvn6hzz,
128,PROUD,Adam Mišík,5086,https://open.spotify.com/track/0ENrWxcjFcgyerCQjrdNj1,
129,Adore You,Harry Styles,5068,https://open.spotify.com/track/3jjujdWJ72nww5eGnfs2E7,
130,Sweet but Psycho,Ava Max,5065,https://open.spotify.com/track/25sgk305KZfyuqVBQIahim,
131,bad guy,Billie Eilish,5035,https://open.spotify.com/track/2Fxmhks0bxGSBdJ92vM42m,
132,Believer,Imagine Dragons,5033,https://open.spotify.com/track/0pqnGHJpmpxLKifKRmU6WP,
133,Cizí zeď,ONEMANSHOW Foundation,5008,https://open.spotify.com/track/7nLZ336nDC44S0CCXcCBJm,
134,Zijeme len raz,Ego,4994,https://open.spotify.com/track/0STHJtR9k80lQprMIxAasD,
135,KURT,Majk Spirit,4986,https://open.spotify.com/track/4e8DYhGFvo6D557SISDfd8,
136,ROXANNE,Arizona Zervas,4974,https://open.spotify.com/track/696DnlkuDOXcMAnKlTgXXK,
137,Higher Love,Kygo,4952,https://open.spotify.com/track/1kKYjjfNYxE0YYgLa7vgVY,
138,THE SCOTTS,THE SCOTTS,4941,https://open.spotify.com/track/39Yp9wwQiSRIDOvrVg7mbk,
139,Memories,Maroon 5,4915,https://open.spotify.com/track/2b8fOow8UzyDFAE27YhOZM,
140,Electric Love,BØRNS,4914,https://open.spotify.com/track/2GiJYvgVaD2HtM8GqD9EgQ,
141,NMVR,Grey,4914,https://open.spotify.com/track/4ZUi91hQVp7hT1N74QZAcw,
142,Easy Easy,Reginald,4910,https://open.spotify.com/track/2TDoneAkT9o288m0Z96fRQ,
143,Be Alright,Dean Lewis,4864,https://open.spotify.com/track/5qrSlOut2rNAWv3ubArkNy,
144,bloody valentine,Machine Gun Kelly,4862,https://open.spotify.com/track/1bWEngw5tAF7vWByrf5Oy5,
145,"Když nemůžeš tak přidej",Mirai,4845,https://open.spotify.com/track/7DdwITgxQe8MST37qt4t2q,
146,Lucid Dreams,Juice WRLD,4845,https://open.spotify.com/track/285pBltuF7vW8TeWk8hdRR,
147,Mala dama,Kabát,4780,https://open.spotify.com/track/0nVCQoIiDjnZWXHMRCD2Ko,
148,Láska a data,Chinaski,4777,https://open.spotify.com/track/6Gpa8kQw5Zi657IsB83EQz,
149,Mood Swings (feat. Lil Tjay),Pop Smoke,4741,https://open.spotify.com/track/5rZlwNFl01HqLWBQGryKSm,
150,Let Me Down Slowly,Alec Benjamin,4732,https://open.spotify.com/track/2qxmye6gAegTMjLKEBoR3d,
151,Sem sober,CA$HANOVA BULHAR,4728,https://open.spotify.com/track/3KOVDn7GSRJOt5UNUaOzx6,
152,Sám,Hasan,4713,https://open.spotify.com/track/1DOHjrGbhgzAXac1s5FfTR,
153,Kancelář - Official Remix,Ektor,4713,https://open.spotify.com/track/6Fc7mlF8R1I0yENYoZ201s,
154,Toosie Slide,Drake,4703,https://open.spotify.com/track/466cKvZn1j45IpxDdYZqdA,
155,Heaven,Redzed,4696,https://open.spotify.com/track/1WCx8YAHIATgEua0HQwlKs,
156,In My Mind,Dynoro,4634,https://open.spotify.com/track/0E9ZjEAyAwOXZ7wJC0PD33,
157,911,R3HAB,4624,https://open.spotify.com/track/5KkSRdbyIT2JbWPUxiaFXe,
158,Zpátky,Wesome,4615,https://open.spotify.com/track/6zZMbbhcvPPZdVHFcAuyZb,
159,Rhyme Up,Psycho Rhyme,4610,https://open.spotify.com/track/7g8oxPn7ZxxTplfdLOSU5V,
160,I Don't Care (with Justin Bieber),Ed Sheeran,4608,https://open.spotify.com/track/0hVXuCcriWRGvwMV1r5Yn9,
161,Bella Ciao - Música Original de la Serie la Casa de Papel/ Money Heist,Manu Pilas,4596,https://open.spotify.com/track/3lWzVNe1yFZlkeBBzUuZYu,
162,"WHATS POPPIN (feat. DaBaby Tory Lanez & Lil Wayne) - Remix",Jack Harlow,4580,https://open.spotify.com/track/2MbdDtCv5LUVjYy9RuGTgC,
163,SICKO MODE,Travis Scott,4579,https://open.spotify.com/track/2xLMifQCjDGFmkHkpNLD9h,
164,All Around The World (La La La),R3HAB,4572,https://open.spotify.com/track/02itaCXOdC54J0ISjqqFAp,
165,Restart,Nik Tendo,4571,https://open.spotify.com/track/1FMEfTYJtdhU5PNjfVIcSd,
166,Who's Laughing Now,Ava Max,4568,https://open.spotify.com/track/73h4oe03sZy8bXfQLfnqMv,
167,Freedom,Kygo,4553,https://open.spotify.com/track/2nx0EIlIKMnMgWnj40O0HQ,
168,Každý ráno,Chinaski,4536,https://open.spotify.com/track/3qe8nGycGxqKBPEeUIkBsH,
169,Bad Liar,Imagine Dragons,4522,https://open.spotify.com/track/2RSHsoi04658QL5xgQVov3,
170,Over Now (with The Weeknd),Calvin Harris,4519,https://open.spotify.com/track/58AGoOGbwsQMhBbH0eFLRR,
171,Silny refren,Horkýže Slíže,4517,https://open.spotify.com/track/6wnc03soJZURZVtyAbK81X,
172,Alkohol a Molly,Viktor Sheen,4512,https://open.spotify.com/track/6Fn9OVLZ9iGRS6SLsrFemT,
173,I Think I'm OKAY (with YUNGBLUD & Travis Barker),Machine Gun Kelly,4499,https://open.spotify.com/track/2gTdDMpNxIRFSiu7HutMCg,
174,Lízátko,KOJO,4491,https://open.spotify.com/track/3Os0NFzflZ5yaNN2Cld6aR,
175,ADHD,Kapitán Demo,4471,https://open.spotify.com/track/4xsAvM8urYtLdfGwRftCVI,
176,Summer Days (feat. Macklemore & Patrick Stump of Fall Out Boy),Martin Garrix,4469,https://open.spotify.com/track/40OMBMYRk5IQL6xCzGM0JA,
177,J Lo,Kontrafakt,4465,https://open.spotify.com/track/0ZoS0OXuPpBPKa2arKKKJ1,
178,Paradox (feat. Hasan),STEIN27,4449,https://open.spotify.com/track/22TKUO2iEkoFtl8Mhu7gCw,
179,Za 100 let,Za100let,4429,https://open.spotify.com/track/7t2zn6Wl0SVnMOdtZlf8qS,
180,Star Shopping,Lil Peep,4427,https://open.spotify.com/track/30bqVoKjX479ab90a8Pafp,
181,Princezna,Dorian,4422,https://open.spotify.com/track/0VnKSirP7fRTHnFmudbL5o,
182,broken,lovelytheband,4417,https://open.spotify.com/track/6XcfKZvJio9Z0fQy11GnNX,
183,For The Night (feat. Lil Baby & DaBaby),Pop Smoke,4401,https://open.spotify.com/track/0PvFJmanyNQMseIFrU708S,
184,V hlavě mám brouky,Amco,4399,https://open.spotify.com/track/3EAR6fsZWtniU0prr0k4EV,
185,Riptide,Vance Joy,4391,https://open.spotify.com/track/7yq4Qj7cqayVTp3FF9CWbm,
186,Piece Of Your Heart,MEDUZA,4379,https://open.spotify.com/track/1DFD5Fotzgn6yYXkYsKiGs,
187,Holly Molly,Yzomandias,4366,https://open.spotify.com/track/1q95nJcpk8sapUUxiDoevR,
188,Sex Hudba Drogy,Nik Tendo,4362,https://open.spotify.com/track/2faFCPiT30abgnDmZrw9wj,
189,Sunflower - Spider-Man: Into the Spider-Verse,Post Malone,4351,https://open.spotify.com/track/0RiRZpuVRbi7oqRdSMwhQY,
190,Rover,Neny,4338,https://open.spotify.com/track/5wCZvSPUSLx7maL20vPSTV,
191,Salt,Ava Max,4287,https://open.spotify.com/track/7vgv8KZBSo0TPzyIWG9yzV,
192,Post Malone (feat. RANI),Sam Feldt,4287,https://open.spotify.com/track/36orMWv2PgvnzXsd5CJ0yL,
193,VOILÀ,Konex,4280,https://open.spotify.com/track/0vu5Gf9XyzqId3s3B8udvR,
194,Falling,Harry Styles,4277,https://open.spotify.com/track/1ZMiCix7XSAbfAJlEZWMCp,
195,Ritual,Tiësto,4267,https://open.spotify.com/track/0FEk8LwY8h4rAR63ggfhV0,
196,Hadi,CA$HANOVA BULHAR,4260,https://open.spotify.com/track/13yD6YGhloxy7vmAsJpRUW,
197,Naše Cesty,Marek Ztraceny,4246,https://open.spotify.com/track/3NIXc097uc92QNraPOQA8K,
198,POJĎ KE MNĚ BLÍŽ,Mirai,4233,https://open.spotify.com/track/6YsCRfIGE5DekAHwPeSLSR,
199,Tojo Tojo,Robin Zoot,4213,https://open.spotify.com/track/1YcqYmviKagJ68DOmjSWQW,
200,Magdalena,Jelen,4211,https://open.spotify.com/track/4HPXODHoPRJU6kKwORRnkY,
